Food/Drinks/Milk/29.jpg,-339, 1676,315, 3101
Food/Drinks/Milk/29.jpg,1205, 1700,1707, 3151
Food/Drinks/Milk/34.jpg,1345, 292,1743, 1414
Food/Drinks/Milk/29.jpg,1657, 1733,2152, 3127
Food/Drinks/Milk/34.jpg,1717, 268,2089, 1364
Food/Drinks/Choco/12.jpg,192, 209,548, 1321
Food/Drinks/Milk/34.jpg,2042, 325,2504, 1394
Food/Drinks/Milk/29.jpg,2069, 1706,2517, 3144
Food/Drinks/Milk/29.jpg,398, 1706,714, 3097
Food/Drinks/Choco/12.jpg,591, 249,953, 1351
Food/Drinks/Milk/29.jpg,823, 1680,1215, 3127
Food/Drinks/Milk/34.jpg,986, 268,1351, 1371
